{
    "layout": "theme-blog-with-sidebar",
    "sections": {
        "template": {
            "type": "template-article",
            "blocks": {
                "featured_image": {
                    "type": "featured_image"
                },
                "title": {
                    "type": "title"
                },
                "article_meta": {
                    "type": "article_meta"
                },
                "content": {
                    "type": "content"
                }
            },
            "block_order": ["featured_image","title","article_meta","content"]
        },
        "sidebar": {
            "type": "sidebar"
        }
    },
    "order": ["template","sidebar"]
}