{"current":{"header_logo":"shopify:\/\/shop_images\/logo.png","main_menu":"main-menu","main_menu_service_one_icon":"icon-truck","main_menu_service_one_top_text":"Free shipping & return","main_menu_service_one_bottom_text":"Free Shipping over $300","main_menu_service_two_icon":"icon-coin","main_menu_service_two_top_text":"Money back guarantee","main_menu_service_two_bottom_text":"30 Days Money Back","main_menu_service_three_icon":"icon-headphones","main_menu_service_three_top_text":"020-800-456-747","main_menu_service_three_bottom_text":"24\/7 Available Support","main_menu_service_four_icon":"icon-secure-shield","main_menu_service_four_top_text":"Secure Payment","main_menu_service_four_bottom_text":"Secure Payment","main_menu_product":"bead","footer_first_column_icon":"icon-truck","footer_first_column_top_text":"FREE SHIPPING & RETURN","footer_first_column_bottom_text":"Free Shipping over $300","footer_second_column_icon":"icon-coin","footer_second_column_top_text":"MONEY BACK GUARANTEE","footer_second_column_bottom_text":"30 Days Money Back Guarantee","footer_third_column_icon":"icon-headphones","footer_third_column_top_text":"020-800-456-747","footer_third_column_bottom_text":"24\/7 Available Support","footer_logo":"shopify:\/\/shop_images\/logo-white.png","footer_blurb":"Lorem ipsum dolor sit amet, consectetur adipisicing.","footer_facebook_icon":"fa fa-facebook","footer_facebook_icon_link":"https:\/\/facebook.com","footer_twitter_icon":"","footer_twitter_icon_link":"","footer_instagram_icon":"fa fa-instagram","footer_instagram_icon_link":"https:\/\/instagram.com","footer_pinterest_icon":"fa fa-pinterest","footer_pinterest_icon_link":"https:\/\/pinterest.com","footer_vimeo_icon":"fa fa-vimeo","footer_vimeo_icon_link":"https:\/\/vimeo.com","footer_newsletter_header":"DAILY OFFERS & DISCOUNTS","footer_newsletter_text":"asdfasdf Lorem ipsum dolor sit amet, consectetur adipisicing elit. At itaque temporibus.","footer_intstagram_icon":"fa fa-instagram","footer_intstagram_icon_link":"https:\/\/instagram.com","footer_fasdf":"<ul class=\"social-menu list-inline\">\n                <li class=\"list-inline-item\"><a href=\"#\" target=\"_blank\" title=\"twitter\"><i class=\"fa fa-twitter\"><\/i><\/a><\/li>\n                <li class=\"list-inline-item\"><a href=\"#\" target=\"_blank\" title=\"facebook\"><i class=\"fa fa-facebook\"><\/i><\/a><\/li>\n                <li class=\"list-inline-item\"><a href=\"#\" target=\"_blank\" title=\"instagram\"><i class=\"fa fa-instagram\"><\/i><\/a><\/li>\n                <li class=\"list-inline-item\">\n<a href=\"#\" target=\"_blank\" title=\"pinterest\"><i class=\"fa fa-pinterest\"><\/i><\/a>\n              <\/li>\n<\/ul>","sections":{"hero":{"type":"hero","blocks":{"4ac6d1b1-326e-4c3c-b703-03419e911ee6":{"type":"text","settings":{"slide-image":"shopify:\/\/shop_images\/hero-bg.jpg","slide_textarea":"<div class=\"col-lg-6\">\n                <h1>Hub<\/h1>\n                <ul class=\"lead\"> \n                  <li>\n<strong>Bootstrap 4 E-commerce<\/strong> template<\/li>\n                  <li>\n<strong>24<\/strong> pages, <strong>6<\/strong> colour variants<\/li>\n                  <li>\n<strong>SCSS<\/strong> sources <\/li>\n                  <li>frequent & <strong>free updates<\/strong>\n<\/li>\n                <\/ul>\n<a href=\"#\" class=\"btn btn-template wide shop-now\">Shop Now<i class=\"icon-bag\"> <\/i><\/a>\n              <\/div>"}},"5b164842-028d-4e04-a3c1-1887cb1be2ef":{"type":"text","settings":{"slide-image":"shopify:\/\/shop_images\/hero-bg-2.jpg","slide_textarea":"<div class=\"col-lg-6 text-white\">\n                <h1>Labore et dolore magna aliqua<\/h1>\n                <p class=\"lead\">Lorem ipsum dolor sit amet, consectetur adipisicing elit, sed do eiusmod tempor incididunt ut labore et dolore magna aliqua.<\/p>\n<a href=\"#\" class=\"btn btn-template wide shop-now\">Shop Now<i class=\"icon-bag\">  <\/i><\/a>\n              <\/div>"}},"b7567f88-f810-475c-87cf-df330f95d076":{"type":"text","settings":{"slide-image":"shopify:\/\/shop_images\/hero-bg-3.jpg","slide_textarea":"<div class=\"col-lg-6 text-white\">\n                <h1>Sed do eiusmod tempor<\/h1>\n                <p class=\"lead\">Lorem ipsum dolor sit amet, consectetur adipisicing elit, sed do eiusmod tempor incididunt ut labore et dolore magna aliqua.<\/p>\n<a href=\"#\" class=\"btn btn-template wide shop-now\">Shop Now<i class=\"icon-bag\">           <\/i><\/a>\n              <\/div>"}}},"block_order":["4ac6d1b1-326e-4c3c-b703-03419e911ee6","5b164842-028d-4e04-a3c1-1887cb1be2ef","b7567f88-f810-475c-87cf-df330f95d076"],"settings":{}},"categories":{"type":"categories","blocks":{"51ceb521-ee61-43d0-a6fc-6050402c8a9e":{"type":"text","settings":{"banner_image":"shopify:\/\/shop_images\/banner-1.jpg","banner_header_text":"Men's","banner_text":"New Collection","banner_link":"shopify:\/\/collections\/mens"}},"5f7e489e-1aa6-4289-8f9f-ae46dc8ebb21":{"type":"text","settings":{"banner_image":"shopify:\/\/shop_images\/banner-2.jpg","banner_header_text":"Women's","banner_text":"New Collection","banner_link":"shopify:\/\/collections\/womens"}},"08d2cee1-3d6e-4c65-86d1-fc3084ee2cbc":{"type":"text","settings":{"banner_image":"shopify:\/\/shop_images\/banner-3.jpg","banner_header_text":"Accessories","banner_text":"Sales 20% off","banner_link":"shopify:\/\/collections\/accessories"}}},"block_order":["51ceb521-ee61-43d0-a6fc-6050402c8a9e","5f7e489e-1aa6-4289-8f9f-ae46dc8ebb21","08d2cee1-3d6e-4c65-86d1-fc3084ee2cbc"],"settings":{"category_header":"Top for this month","category_text":"Our featured picks"}},"first-collection":{"type":"first-collection","settings":{"top_text":"Autumn Choice","bottom_text":"Men Collection","collection":"mens","product_limit":4}},"divider":{"type":"divider","settings":{"background_image":"shopify:\/\/shop_images\/divider-bg.jpg","divider_textarea":"<div class=\"col-lg-6\">\n        <p>Old Collection<\/p>\n        <h2 class=\"h1 text-uppercase no-margin\">Huge Sales<\/h2>\n        <p>At our outlet stores<\/p>\n<a href=\"#\" class=\"btn btn-template wide shop-now\">Shop Now<i class=\"icon-bag\"><\/i><\/a>\n      <\/div>"}},"second-collection":{"type":"second-collection","settings":{"top_text":"Ladies Time","bottom_text":"Women Collection","collection":"womens","product_limit":9}},"blog":{"type":"blog","settings":{"top_text":"Made it hard way","bottom_text":"latest from the blog","blog":"news"}},"brands":{"type":"brands","blocks":{"abdc634f-5309-498c-a4cf-d56bb11ed52e":{"type":"text","settings":{"brand_logo":"shopify:\/\/shop_images\/brand-1.jpg"}},"df029c0a-49c0-48b2-b3da-63b5724bd0c5":{"type":"text","settings":{"brand_logo":"shopify:\/\/shop_images\/brand-6.jpg"}},"89f9fde0-54d4-4613-bac5-34c134edb953":{"type":"text","settings":{"brand_logo":"shopify:\/\/shop_images\/brand-5.jpg"}},"4a0a88dd-2d49-4a6b-9120-5ad448349e83":{"type":"text","settings":{"brand_logo":"shopify:\/\/shop_images\/brand-4.jpg"}},"2a548f10-bce5-4b44-a80a-491cf0dd6876":{"type":"text","settings":{"brand_logo":"shopify:\/\/shop_images\/brand-3.jpg"}},"563ecf57-d991-4a47-b774-cef0cf725da6":{"type":"text","settings":{"brand_logo":"shopify:\/\/shop_images\/brand-2.jpg"}},"9544ac5f-7ebe-44c2-82ae-a97a70f33cb4":{"type":"text","settings":{"brand_logo":"shopify:\/\/shop_images\/brand-5.jpg"}}},"block_order":["abdc634f-5309-498c-a4cf-d56bb11ed52e","df029c0a-49c0-48b2-b3da-63b5724bd0c5","89f9fde0-54d4-4613-bac5-34c134edb953","4a0a88dd-2d49-4a6b-9120-5ad448349e83","2a548f10-bce5-4b44-a80a-491cf0dd6876","563ecf57-d991-4a47-b774-cef0cf725da6","9544ac5f-7ebe-44c2-82ae-a97a70f33cb4"],"settings":{}},"collection-template":{"type":"collection-template","settings":{"collection_sidebar":"collection-page"}}},"content_for_index":[]},"presets":{"Default":{}}}