[{"name":"theme_info","theme_name":"Themekit template theme","theme_version":"1.0.0","theme_author":"Shopify","theme_documentation_url":"https:\/\/github.com\/Shopify\/themekit","theme_support_url":"https:\/\/github.com\/Shopify\/themekit\/issues"},{"name":"Header","settings":[{"id":"topbar","type":"text","label":"Topbar Phone Number","default":"555-123-4567"},{"id":"topbar_text","type":"text","label":"Topbar Text","default":"Free shipping on orders over $300"},{"id":"header_logo","type":"image_picker","label":"Header Logo"},{"type":"header","content":"Navbar"},{"id":"main_menu","type":"link_list","label":"Main Menu"},{"type":"header","content":"Services"},{"id":"main_menu_service_one_icon","type":"text","label":"Main Menu Service One Icon"},{"id":"main_menu_service_one_top_text","type":"text","label":"Main Menu Service One Top Text"},{"id":"main_menu_service_one_bottom_text","type":"text","label":"Main Menu Service One Bottom Text"},{"id":"main_menu_service_two_icon","type":"text","label":"Main Menu Service Two Icon"},{"id":"main_menu_service_two_top_text","type":"text","label":"Main Menu Service Two Top Text"},{"id":"main_menu_service_two_bottom_text","type":"text","label":"Main Menu Service Two Bottom Text"},{"id":"main_menu_service_three_icon","type":"text","label":"Main Menu Service Three Icon"},{"id":"main_menu_service_three_top_text","type":"text","label":"Main Menu Service Three Top Text"},{"id":"main_menu_service_three_bottom_text","type":"text","label":"Main Menu Service Three Bottom Text"},{"id":"main_menu_service_four_icon","type":"text","label":"Main Menu Service Four Icon"},{"id":"main_menu_service_four_top_text","type":"text","label":"Main Menu Service Four Top Text"},{"id":"main_menu_service_four_bottom_text","type":"text","label":"Main Menu Service Four Bottom Text"},{"type":"header","content":"Featured Product"},{"id":"main_menu_product","type":"product","label":"Main Menu Product"}]},{"name":"Footer Services","settings":[{"type":"header","content":"First Column"},{"id":"footer_first_column_icon","type":"text","label":"Footer First Column Icon"},{"id":"footer_first_column_top_text","type":"text","label":"Footer First Column Top Text"},{"id":"footer_first_column_bottom_text","type":"text","label":"Footer First Column Bottom Text"},{"type":"header","content":"Second Column"},{"id":"footer_second_column_icon","type":"text","label":"Footer Second Column Icon"},{"id":"footer_second_column_top_text","type":"text","label":"Footer Second Column Top Text"},{"id":"footer_second_column_bottom_text","type":"text","label":"Footer Second Column Bottom Text"},{"type":"header","content":"Third Column"},{"id":"footer_third_column_icon","type":"text","label":"Footer Third Column Icon"},{"id":"footer_third_column_top_text","type":"text","label":"Footer Third Column Top Text"},{"id":"footer_third_column_bottom_text","type":"text","label":"Footer Third Column Bottom Text"}]},{"name":"Footer Main","settings":[{"type":"header","content":"Footer Logo"},{"id":"footer_logo","type":"image_picker","label":"Footer Logo"},{"id":"footer_blurb","type":"text","label":"Footer Blurb"},{"type":"header","content":"Footer Social Media Icons"},{"id":"footer_facebook_icon","type":"text","label":"Footer Facebook Icon"},{"id":"footer_facebook_icon_link","type":"text","label":"Footer Facebook Icon Link"},{"id":"footer_twitter_icon","type":"text","label":"Footer Twitter Icon"},{"id":"footer_twitter_icon_link","type":"text","label":"Footer Twitter Icon Link"},{"id":"footer_instagram_icon","type":"text","label":"Footer Instagram Icon"},{"id":"footer_instagram_icon_link","type":"text","label":"Footer Instagram Icon Link"},{"id":"footer_pinterest_icon","type":"text","label":"Footer Pinterest Icon"},{"id":"footer_pinterest_icon_link","type":"text","label":"Footer Pinterest Icon Link"},{"id":"footer_vimeo_icon","type":"text","label":"Footer Vimeo Icon"},{"id":"footer_vimeo_icon_link","type":"text","label":"Footer Vimeo Icon Link"},{"type":"header","content":"Footer Newsletter"},{"id":"footer_newsletter_header","type":"text","label":"Footer Newsletter Header"},{"id":"footer_newsletter_text","type":"text","label":"Footer Newsletter Text"}]}]